"Supplier ID";"Active (0/1)";"Name *";Description;"Meta title";"Meta keywords";"Meta description";"URL rewritten"
3;1;"Consectetur adipiscing elit";"Curabitur ac ipsum pellentesque, scelerisque odio a, viverra nulla. Suspendisse semper lectus non ante pretium, eget dapibus mi venenatis. Pellentesque ullamcorper tempus tempor. Cras sodales lacus nec est porta, ac dapibus dui posuere. Mauris tristique magna ultrices tortor imperdiet, id imperdiet mi venenatis. Pellentesque eget dui viverra, pellentesque nunc eget, suscipit elit. Nulla facilisi. Cras pulvinar nibh tortor, in laoreet magna vehicula a. Fusce sit amet molestie felis. Integer congue metus diam, nec lobortis augue bibendum sed. Suspendisse sodales nibh eu nunc eleifend vestibulum. Donec nibh tellus, mattis eget blandit at, gravida vitae massa. In eu nibh vulputate, scelerisque ante ut, luctus turpis. Aenean interdum dolor eros.";;;;consectetur-adipiscing-elit
1;1;"Curabitur ac ipsum pellentesque";"Curabitur ac ipsum pellentesque, scelerisque odio a, viverra nulla. Suspendisse semper lectus non ante pretium, eget dapibus mi venenatis. Pellentesque ullamcorper tempus tempor. Cras sodales lacus nec est porta, ac dapibus dui posuere. Mauris tristique magna ultrices tortor imperdiet, id imperdiet mi venenatis. Pellentesque eget dui viverra, pellentesque nunc eget, suscipit elit. Nulla facilisi. Cras pulvinar nibh tortor, in laoreet magna vehicula a. Fusce sit amet molestie felis. Integer congue metus diam, nec lobortis augue bibendum sed. Suspendisse sodales nibh eu nunc eleifend vestibulum. Donec nibh tellus, mattis eget blandit at, gravida vitae massa. In eu nibh vulputate, scelerisque ante ut, luctus turpis. Aenean interdum dolor eros.";;;;curabitur-ac-ipsum-pellentesque
6;1;"Interdum et malesuada";"Curabitur ac ipsum pellentesque, scelerisque odio a, viverra nulla. Suspendisse semper lectus non ante pretium, eget dapibus mi venenatis. Pellentesque ullamcorper tempus tempor. Cras sodales lacus nec est porta, ac dapibus dui posuere. Mauris tristique magna ultrices tortor imperdiet, id imperdiet mi venenatis. Pellentesque eget dui viverra, pellentesque nunc eget, suscipit elit. Nulla facilisi. Cras pulvinar nibh tortor, in laoreet magna vehicula a. Fusce sit amet molestie felis. Integer congue metus diam, nec lobortis augue bibendum sed. Suspendisse sodales nibh eu nunc eleifend vestibulum. Donec nibh tellus, mattis eget blandit at, gravida vitae massa. In eu nibh vulputate, scelerisque ante ut, luctus turpis. Aenean interdum dolor eros.";;;;interdum-et-malesuada
2;1;"Lorem ipsum dolor sit amet";"Curabitur ac ipsum pellentesque, scelerisque odio a, viverra nulla. Suspendisse semper lectus non ante pretium, eget dapibus mi venenatis. Pellentesque ullamcorper tempus tempor. Cras sodales lacus nec est porta, ac dapibus dui posuere. Mauris tristique magna ultrices tortor imperdiet, id imperdiet mi venenatis. Pellentesque eget dui viverra, pellentesque nunc eget, suscipit elit. Nulla facilisi. Cras pulvinar nibh tortor, in laoreet magna vehicula a. Fusce sit amet molestie felis. Integer congue metus diam, nec lobortis augue bibendum sed. Suspendisse sodales nibh eu nunc eleifend vestibulum. Donec nibh tellus, mattis eget blandit at, gravida vitae massa. In eu nibh vulputate, scelerisque ante ut, luctus turpis. Aenean interdum dolor eros.";;;;lorem-ipsum-dolor-sit-amet
7;1;"Morbi in volutpat eros";"Curabitur ac ipsum pellentesque, scelerisque odio a, viverra nulla. Suspendisse semper lectus non ante pretium, eget dapibus mi venenatis. Pellentesque ullamcorper tempus tempor. Cras sodales lacus nec est porta, ac dapibus dui posuere. Mauris tristique magna ultrices tortor imperdiet, id imperdiet mi venenatis. Pellentesque eget dui viverra, pellentesque nunc eget, suscipit elit. Nulla facilisi. Cras pulvinar nibh tortor, in laoreet magna vehicula a. Fusce sit amet molestie felis. Integer congue metus diam, nec lobortis augue bibendum sed. Suspendisse sodales nibh eu nunc eleifend vestibulum. Donec nibh tellus, mattis eget blandit at, gravida vitae massa. In eu nibh vulputate, scelerisque ante ut, luctus turpis. Aenean interdum dolor eros.";;;;morbi-in-volutpat-eros
5;1;"Nullam aliquam odio tellus";"Curabitur ac ipsum pellentesque, scelerisque odio a, viverra nulla. Suspendisse semper lectus non ante pretium, eget dapibus mi venenatis. Pellentesque ullamcorper tempus tempor. Cras sodales lacus nec est porta, ac dapibus dui posuere. Mauris tristique magna ultrices tortor imperdiet, id imperdiet mi venenatis. Pellentesque eget dui viverra, pellentesque nunc eget, suscipit elit. Nulla facilisi. Cras pulvinar nibh tortor, in laoreet magna vehicula a. Fusce sit amet molestie felis. Integer congue metus diam, nec lobortis augue bibendum sed. Suspendisse sodales nibh eu nunc eleifend vestibulum. Donec nibh tellus, mattis eget blandit at, gravida vitae massa. In eu nibh vulputate, scelerisque ante ut, luctus turpis. Aenean interdum dolor eros.";;;;nullam-aliquam-odio-tellus
8;1;"Sed imperdiet porttitor nulla";"<p>Curabitur ac ipsum pellentesque, scelerisque odio a, viverra nulla. Suspendisse semper lectus non ante pretium, eget dapibus mi venenatis. Pellentesque ullamcorper tempus tempor. Cras sodales lacus nec est porta, ac dapibus dui posuere. Mauris tristique magna ultrices tortor imperdiet, id imperdiet mi venenatis. Pellentesque eget dui viverra, pellentesque nunc eget, suscipit elit. Nulla facilisi. Cras pulvinar nibh tortor, in laoreet magna vehicula a. Fusce sit amet molestie felis. Integer congue metus diam, nec lobortis augue bibendum sed. Suspendisse sodales nibh eu nunc eleifend vestibulum. Donec nibh tellus, mattis eget blandit at, gravida vitae massa. In eu nibh vulputate, scelerisque ante ut, luctus turpis. Aenean interdum dolor eros.</p>";;;;sed-imperdiet-porttitor-nulla
4;1;"Ut feugiat lobortis";"Curabitur ac ipsum pellentesque, scelerisque odio a, viverra nulla. Suspendisse semper lectus non ante pretium, eget dapibus mi venenatis. Pellentesque ullamcorper tempus tempor. Cras sodales lacus nec est porta, ac dapibus dui posuere. Mauris tristique magna ultrices tortor imperdiet, id imperdiet mi venenatis. Pellentesque eget dui viverra, pellentesque nunc eget, suscipit elit. Nulla facilisi. Cras pulvinar nibh tortor, in laoreet magna vehicula a. Fusce sit amet molestie felis. Integer congue metus diam, nec lobortis augue bibendum sed. Suspendisse sodales nibh eu nunc eleifend vestibulum. Donec nibh tellus, mattis eget blandit at, gravida vitae massa. In eu nibh vulputate, scelerisque ante ut, luctus turpis. Aenean interdum dolor eros.";;;;ut-feugiat-lobortis
