<?xml version="1.0" encoding="UTF-8" ?>
<module>
	<name>smartblogtag</name>
	<displayName><![CDATA[Теги Smart Blog]]></displayName>
	<version><![CDATA[2.0.1]]></version>
	<description><![CDATA[Наиболее функциональный модуль блога с  блоком тегов для Prestashop - от smartdatasoft]]></description>
	<author><![CDATA[SmartDataSoft]]></author>
	<tab><![CDATA[front_office_features]]></tab>
	<confirmUninstall><![CDATA[Вы точно хотите удалить свои детали?]]></confirmUninstall>
	<is_configurable>1</is_configurable>
	<need_instance>1</need_instance>
	<limited_countries></limited_countries>
</module>