<?xml version="1.0" encoding="UTF-8" ?>
<module>
	<name>smartblogsearch</name>
	<displayName><![CDATA[Поиск Smart Blog]]></displayName>
	<version><![CDATA[2.0.1]]></version>
	<description><![CDATA[Наиболее функциональный модуль блога с поиском для Prestashop - от smartdatasoft]]></description>
	<author><![CDATA[SmartDataSoft]]></author>
	<tab><![CDATA[front_office_features]]></tab>
	<is_configurable>0</is_configurable>
	<need_instance>1</need_instance>
	<limited_countries></limited_countries>
</module>