<?xml version="1.0" encoding="UTF-8" ?>
<module>
	<name>tmsocialfeeds</name>
	<displayName><![CDATA[Социальные потоки TM]]></displayName>
	<version><![CDATA[1.0]]></version>
	<description><![CDATA[Модуль для социальных потоков.]]></description>
	<author><![CDATA[Template Monster (Alexander Grosul)]]></author>
	<tab><![CDATA[front_office_features]]></tab>
	<is_configurable>1</is_configurable>
	<need_instance>1</need_instance>
	<limited_countries></limited_countries>
</module>